1/1/2012,26
1/2/2012,9
1/3/2012,21
1/4/2012,4
1/5/2012,38
1/6/2012,37
1/7/2012,31
1/8/2012,0
1/9/2012,38
1/10/2012,6
1/11/2012,22
1/12/2012,4
1/13/2012,7
1/14/2012,15
1/15/2012,28
1/16/2012,13
1/17/2012,19
1/18/2012,12
1/19/2012,16
1/20/2012,49
1/21/2012,1
1/22/2012,46
1/23/2012,14
1/24/2012,31
1/25/2012,48
1/26/2012,29
1/27/2012,42
1/28/2012,28
1/29/2012,5
1/30/2012,29
1/31/2012,1
2/1/2012,38
2/2/2012,20
2/3/2012,8
2/4/2012,31
2/5/2012,29
2/6/2012,6
2/7/2012,14
2/8/2012,36
2/9/2012,41
2/10/2012,2
2/11/2012,8
2/12/2012,37
2/13/2012,24
2/14/2012,16
2/15/2012,47
2/16/2012,8
2/17/2012,50
2/18/2012,22
2/19/2012,5
2/20/2012,28
2/21/2012,31
2/22/2012,17
2/23/2012,41
2/24/2012,21
2/25/2012,19
2/26/2012,5
2/27/2012,46
2/28/2012,14
2/29/2012,21
3/1/2012,44
3/2/2012,41
3/3/2012,8
3/4/2012,45
3/5/2012,28
3/6/2012,35
3/7/2012,37
3/8/2012,6
3/9/2012,18
3/10/2012,33
3/11/2012,24
3/12/2012,39
3/13/2012,4
3/14/2012,15
3/15/2012,32
3/16/2012,3
3/17/2012,33
3/18/2012,39
3/19/2012,17
3/20/2012,7
3/21/2012,38
3/22/2012,43
3/23/2012,15
3/24/2012,27
3/25/2012,23
3/26/2012,17
3/27/2012,4
3/28/2012,38
3/29/2012,16
3/30/2012,26
3/31/2012,14
4/1/2012,16
4/2/2012,5
4/3/2012,23
4/4/2012,17
4/5/2012,21
4/6/2012,13
4/7/2012,19
4/8/2012,26
4/9/2012,47
4/10/2012,45
4/11/2012,16
4/12/2012,33
4/13/2012,49
4/14/2012,21
4/15/2012,9
4/16/2012,1
4/17/2012,8
4/18/2012,41
4/19/2012,13
4/20/2012,21
4/21/2012,31
4/22/2012,46
4/23/2012,12
4/24/2012,1
4/25/2012,21
4/26/2012,44
4/27/2012,49
4/28/2012,11
4/29/2012,37
4/30/2012,31
5/1/2012,18
5/2/2012,30
5/3/2012,25
5/4/2012,23
5/5/2012,39
5/6/2012,47
5/7/2012,3
5/8/2012,50
5/9/2012,5
5/10/2012,41
5/11/2012,33
5/12/2012,4
5/13/2012,35
5/14/2012,41
5/15/2012,50
5/16/2012,8
5/17/2012,22
5/18/2012,33
5/19/2012,27
5/20/2012,9
5/21/2012,14
5/22/2012,46
5/23/2012,5
5/24/2012,42
5/25/2012,8
5/26/2012,18
5/27/2012,32
5/28/2012,44
5/29/2012,45
5/30/2012,43
5/31/2012,20
6/1/2012,47
6/2/2012,14
6/3/2012,49
6/4/2012,49
6/5/2012,45
6/6/2012,12
6/7/2012,10
6/8/2012,14
6/9/2012,43
6/10/2012,29
6/11/2012,27
6/12/2012,31
6/13/2012,28
6/14/2012,10
6/15/2012,11
6/16/2012,0
6/17/2012,29
6/18/2012,32
6/19/2012,9
6/20/2012,31
6/21/2012,49
6/22/2012,38
6/23/2012,32
6/24/2012,12
6/25/2012,18
6/26/2012,15
6/27/2012,20
6/28/2012,42
6/29/2012,46
6/30/2012,36
7/1/2012,32
7/2/2012,46
7/3/2012,21
7/4/2012,22
7/5/2012,22
7/6/2012,31
7/7/2012,21
7/8/2012,19
7/9/2012,37
7/10/2012,21
7/11/2012,21
7/12/2012,4
7/13/2012,18
7/14/2012,11
7/15/2012,26
7/16/2012,43
7/17/2012,26
7/18/2012,44
7/19/2012,19
7/20/2012,2
7/21/2012,16
7/22/2012,28
7/23/2012,8
7/24/2012,43
7/25/2012,31
7/26/2012,10
7/27/2012,48
7/28/2012,3
7/29/2012,19
7/30/2012,22
7/31/2012,48
8/1/2012,50
8/2/2012,8
8/3/2012,9
8/4/2012,17
8/5/2012,5
8/6/2012,27
8/7/2012,43
8/8/2012,20
8/9/2012,36
8/10/2012,31
8/11/2012,43
8/12/2012,33
8/13/2012,26
8/14/2012,13
8/15/2012,15
8/16/2012,42
8/17/2012,48
8/18/2012,18
8/19/2012,44
8/20/2012,47
8/21/2012,27
8/22/2012,30
8/23/2012,28
8/24/2012,28
8/25/2012,15
8/26/2012,4
8/27/2012,35
8/28/2012,3
8/29/2012,12
8/30/2012,29
8/31/2012,4
9/1/2012,20
9/2/2012,44
9/3/2012,29
9/4/2012,26
9/5/2012,16
9/6/2012,19
9/7/2012,32
9/8/2012,50
9/9/2012,49
9/10/2012,44
9/11/2012,14
9/12/2012,12
9/13/2012,35
9/14/2012,28
9/15/2012,9
9/16/2012,46
9/17/2012,45
9/18/2012,46
9/19/2012,8
9/20/2012,14
9/21/2012,29
9/22/2012,34
9/23/2012,36
9/24/2012,44
9/25/2012,22
9/26/2012,41
9/27/2012,10
9/28/2012,10
9/29/2012,5
9/30/2012,49
10/1/2012,27
10/2/2012,14
10/3/2012,23
10/4/2012,4
10/5/2012,27
10/6/2012,22
10/7/2012,18
10/8/2012,34
10/9/2012,36
10/10/2012,4
10/11/2012,19
10/12/2012,28
10/13/2012,6
10/14/2012,7
10/15/2012,41
10/16/2012,23
10/17/2012,6
10/18/2012,12
10/19/2012,42
10/20/2012,13
10/21/2012,8
10/22/2012,45
10/23/2012,0
10/24/2012,27
10/25/2012,50
10/26/2012,7
10/27/2012,27
10/28/2012,32
10/29/2012,34
10/30/2012,47
10/31/2012,19
11/1/2012,22
11/2/2012,0
11/3/2012,14
11/4/2012,22
11/5/2012,50
11/6/2012,18
11/7/2012,39
11/8/2012,7
11/9/2012,7
11/10/2012,12
11/11/2012,27
11/12/2012,24
11/13/2012,29
11/14/2012,36
11/15/2012,36
11/16/2012,40
11/17/2012,18
11/18/2012,0
11/19/2012,27
11/20/2012,49
11/21/2012,4
11/22/2012,17
11/23/2012,26
11/24/2012,26
11/25/2012,14
11/26/2012,43
11/27/2012,3
11/28/2012,13
11/29/2012,6
11/30/2012,2
12/1/2012,30
12/2/2012,25
12/3/2012,30
12/4/2012,18
12/5/2012,20
12/6/2012,11
12/7/2012,18
12/8/2012,7
12/9/2012,42
12/10/2012,39
12/11/2012,7
12/12/2012,39
12/13/2012,28
12/14/2012,2
12/15/2012,30
12/16/2012,3
12/17/2012,17
12/18/2012,3
12/19/2012,10
12/20/2012,48
12/21/2012,38
12/22/2012,16
12/23/2012,35
12/24/2012,24
12/25/2012,32
12/26/2012,17
12/27/2012,23
12/28/2012,26
12/29/2012,46
12/30/2012,29
12/31/2012,27
1/1/2013,25
1/2/2013,16
1/3/2013,42
1/4/2013,11
1/5/2013,50
1/6/2013,3
1/7/2013,25
1/8/2013,5
1/9/2013,27
1/10/2013,22
1/11/2013,43
1/12/2013,37
1/13/2013,4
1/14/2013,37
1/15/2013,19
1/16/2013,15
1/17/2013,42
1/18/2013,40
1/19/2013,36
1/20/2013,16
1/21/2013,28
1/22/2013,44
1/23/2013,44
1/24/2013,27
1/25/2013,40
1/26/2013,46
1/27/2013,2
1/28/2013,37
1/29/2013,35
1/30/2013,44
1/31/2013,50
2/1/2013,50
2/2/2013,8
2/3/2013,22
2/4/2013,32
2/5/2013,25
2/6/2013,42
2/7/2013,43
2/8/2013,32
2/9/2013,34
2/10/2013,39
2/11/2013,1
2/12/2013,46
2/13/2013,42
2/14/2013,34
2/15/2013,14
2/16/2013,3
2/17/2013,40
2/18/2013,48
2/19/2013,41
2/20/2013,44
2/21/2013,13
2/22/2013,13
2/23/2013,21
2/24/2013,38
2/25/2013,37
2/26/2013,16
2/27/2013,36
2/28/2013,43
3/1/2013,21
3/2/2013,34
3/3/2013,10
3/4/2013,30
3/5/2013,40
3/6/2013,17
3/7/2013,40
3/8/2013,29
3/9/2013,35
3/10/2013,48
3/11/2013,25
3/12/2013,10
3/13/2013,19
3/14/2013,3
3/15/2013,34
3/16/2013,41
3/17/2013,49
3/18/2013,23
3/19/2013,22
3/20/2013,5
3/21/2013,25
3/22/2013,15
3/23/2013,39
3/24/2013,3
3/25/2013,36
3/26/2013,2
3/27/2013,43
3/28/2013,35
3/29/2013,38
3/30/2013,42
3/31/2013,23
4/1/2013,23
4/2/2013,35
4/3/2013,6
4/4/2013,16
4/5/2013,3
4/6/2013,49
4/7/2013,7
4/8/2013,42
4/9/2013,21
4/10/2013,22
4/11/2013,4
4/12/2013,30
4/13/2013,29
4/14/2013,30
4/15/2013,31
4/16/2013,12
4/17/2013,13
4/18/2013,20
4/19/2013,10
4/20/2013,5
4/21/2013,5
4/22/2013,8
4/23/2013,35
4/24/2013,12
4/25/2013,3
4/26/2013,16
4/27/2013,46
4/28/2013,18
4/29/2013,40
4/30/2013,22
5/1/2013,29
5/2/2013,42
5/3/2013,41
5/4/2013,45
5/5/2013,33
5/6/2013,38
5/7/2013,39
5/8/2013,24
5/9/2013,27
5/10/2013,27
5/11/2013,32
5/12/2013,37
5/13/2013,18
5/14/2013,29
5/15/2013,49
5/16/2013,24
5/17/2013,44
5/18/2013,34
5/19/2013,1
5/20/2013,41
5/21/2013,9
5/22/2013,43
5/23/2013,22
5/24/2013,48
5/25/2013,40
5/26/2013,50
5/27/2013,49
5/28/2013,1
5/29/2013,44
5/30/2013,32
5/31/2013,27
6/1/2013,4
6/2/2013,26
6/3/2013,47
6/4/2013,30
6/5/2013,4
6/6/2013,25
6/7/2013,41
6/8/2013,3
6/9/2013,32
6/10/2013,31
6/11/2013,39
6/12/2013,35
6/13/2013,50
6/14/2013,32
6/15/2013,7
6/16/2013,39
6/17/2013,48
6/18/2013,28
6/19/2013,29
6/20/2013,20
6/21/2013,12
6/22/2013,11
6/23/2013,29
6/24/2013,9
6/25/2013,8
6/26/2013,13
6/27/2013,41
6/28/2013,1
6/29/2013,28
6/30/2013,24
7/1/2013,39
7/2/2013,39
7/3/2013,17
7/4/2013,13
7/5/2013,36
7/6/2013,23
7/7/2013,10
7/8/2013,37
7/9/2013,43
7/10/2013,24
7/11/2013,33
7/12/2013,39
7/13/2013,6
7/14/2013,50
7/15/2013,40
7/16/2013,12
7/17/2013,39
7/18/2013,34
7/19/2013,11
7/20/2013,27
7/21/2013,3
7/22/2013,23
7/23/2013,39
7/24/2013,18
7/25/2013,28
7/26/2013,17
7/27/2013,29
7/28/2013,40
7/29/2013,1
7/30/2013,35
7/31/2013,4
8/1/2013,38
8/2/2013,26
8/3/2013,6
8/4/2013,28
8/5/2013,23
8/6/2013,29
8/7/2013,31
8/8/2013,22
8/9/2013,19
8/10/2013,19
8/11/2013,43
8/12/2013,23
8/13/2013,42
8/14/2013,10
8/15/2013,24
8/16/2013,36
8/17/2013,4
8/18/2013,30
8/19/2013,49
8/20/2013,4
8/21/2013,33
8/22/2013,16
8/23/2013,23
8/24/2013,38
8/25/2013,5
8/26/2013,11
8/27/2013,33
8/28/2013,15
8/29/2013,40
8/30/2013,20
8/31/2013,4
9/1/2013,21
9/2/2013,26
9/3/2013,3
9/4/2013,3
9/5/2013,5
9/6/2013,42
9/7/2013,11
9/8/2013,22
9/9/2013,47
9/10/2013,28
9/11/2013,44
9/12/2013,47
9/13/2013,39
9/14/2013,10
9/15/2013,34
9/16/2013,50
9/17/2013,40
9/18/2013,20
9/19/2013,20
9/20/2013,43
9/21/2013,6
9/22/2013,35
9/23/2013,39
9/24/2013,45
9/25/2013,1
9/26/2013,31
9/27/2013,22
9/28/2013,10
9/29/2013,40
9/30/2013,17
10/1/2013,14
10/2/2013,11
10/3/2013,0
10/4/2013,49
10/5/2013,7
10/6/2013,45
10/7/2013,33
10/8/2013,9
10/9/2013,50
10/10/2013,41
10/11/2013,38
10/12/2013,16
10/13/2013,7
10/14/2013,17
10/15/2013,21
10/16/2013,41
10/17/2013,13
10/18/2013,5
10/19/2013,26
10/20/2013,21
10/21/2013,34
10/22/2013,18
10/23/2013,33
10/24/2013,17
10/25/2013,35
10/26/2013,37
10/27/2013,41
10/28/2013,15
10/29/2013,38
10/30/2013,6
10/31/2013,0
11/1/2013,15
11/2/2013,12
11/3/2013,47
11/4/2013,21
11/5/2013,41
11/6/2013,43
11/7/2013,13
11/8/2013,0
11/9/2013,13
11/10/2013,42
11/11/2013,3
11/12/2013,38
11/13/2013,7
11/14/2013,22
11/15/2013,35
11/16/2013,34
11/17/2013,3
11/18/2013,10
11/19/2013,5
11/20/2013,33
11/21/2013,20
11/22/2013,47
11/23/2013,2
11/24/2013,31
11/25/2013,4
11/26/2013,0
11/27/2013,22
11/28/2013,37
11/29/2013,47
11/30/2013,15
12/1/2013,22
12/2/2013,33
12/3/2013,5
12/4/2013,23
12/5/2013,40
12/6/2013,35
12/7/2013,23
12/8/2013,33
12/9/2013,16
12/10/2013,11
12/11/2013,50
12/12/2013,17
12/13/2013,1
12/14/2013,30
12/15/2013,1
12/16/2013,19
12/17/2013,8
12/18/2013,39
12/19/2013,47
12/20/2013,33
12/21/2013,48
12/22/2013,5
12/23/2013,41
12/24/2013,25
12/25/2013,22
12/26/2013,5
12/27/2013,17
12/28/2013,44
12/29/2013,37
12/30/2013,38
12/31/2013,36
1/1/2014,28
1/2/2014,29
1/3/2014,12
1/4/2014,37
1/5/2014,31
1/6/2014,28
1/7/2014,18
1/8/2014,6
1/9/2014,17
1/10/2014,40
1/11/2014,11
1/12/2014,32
1/13/2014,27
1/14/2014,19
1/15/2014,24
1/16/2014,32
1/17/2014,24
1/18/2014,39
1/19/2014,19
1/20/2014,47
1/21/2014,30
1/22/2014,7
1/23/2014,36
1/24/2014,0
1/25/2014,48
1/26/2014,34
1/27/2014,10
1/28/2014,34
1/29/2014,34
1/30/2014,50
1/31/2014,4
2/1/2014,27
2/2/2014,35
2/3/2014,20
2/4/2014,28
2/5/2014,46
2/6/2014,6
2/7/2014,34
2/8/2014,24
2/9/2014,5
2/10/2014,1
2/11/2014,34
2/12/2014,24
2/13/2014,39
2/14/2014,30
2/15/2014,17
2/16/2014,46
2/17/2014,0
2/18/2014,2
2/19/2014,10
2/20/2014,24
2/21/2014,24
2/22/2014,6
2/23/2014,45
2/24/2014,46
2/25/2014,24
2/26/2014,10
2/27/2014,0
2/28/2014,44
3/1/2014,43
3/2/2014,41
3/3/2014,29
3/4/2014,11
3/5/2014,0
3/6/2014,10
3/7/2014,19
3/8/2014,21
3/9/2014,41
3/10/2014,38
3/11/2014,35
3/12/2014,35
3/13/2014,6
3/14/2014,40
3/15/2014,12
3/16/2014,5
3/17/2014,14
3/18/2014,36
3/19/2014,34
3/20/2014,34
3/21/2014,39
3/22/2014,16
3/23/2014,25
3/24/2014,25
3/25/2014,20
3/26/2014,21
3/27/2014,41
3/28/2014,34
3/29/2014,47
3/30/2014,29
3/31/2014,27
4/1/2014,25
4/2/2014,33
4/3/2014,33
4/4/2014,11
4/5/2014,28
4/6/2014,41
4/7/2014,5
4/8/2014,42
4/9/2014,5
4/10/2014,37
4/11/2014,25
4/12/2014,11
4/13/2014,21
4/14/2014,4
4/15/2014,42
4/16/2014,35
4/17/2014,41
4/18/2014,34
4/19/2014,34
4/20/2014,12
4/21/2014,10
4/22/2014,47
4/23/2014,0
4/24/2014,14
4/25/2014,9
4/26/2014,8
4/27/2014,45
4/28/2014,37
4/29/2014,47
4/30/2014,40
5/1/2014,50
5/2/2014,9
5/3/2014,26
5/4/2014,35
5/5/2014,30
5/6/2014,43
5/7/2014,14
5/8/2014,30
5/9/2014,3
5/10/2014,32
5/11/2014,0
5/12/2014,20
5/13/2014,13
5/14/2014,45
5/15/2014,9
5/16/2014,30
5/17/2014,17
5/18/2014,45
5/19/2014,18
5/20/2014,42
5/21/2014,5
5/22/2014,1
5/23/2014,34
5/24/2014,47
5/25/2014,42
5/26/2014,26
5/27/2014,17
5/28/2014,10
5/29/2014,50
5/30/2014,33
5/31/2014,20
6/1/2014,35
6/2/2014,48
6/3/2014,4
6/4/2014,44
6/5/2014,29
6/6/2014,50
6/7/2014,27
6/8/2014,8
6/9/2014,10
6/10/2014,3
6/11/2014,37
6/12/2014,23
6/13/2014,14
6/14/2014,32
6/15/2014,6
6/16/2014,44
6/17/2014,0
6/18/2014,41
6/19/2014,44
6/20/2014,36
6/21/2014,43
6/22/2014,35
6/23/2014,5
6/24/2014,16
6/25/2014,13
6/26/2014,3
6/27/2014,49
6/28/2014,14
6/29/2014,36
6/30/2014,37
7/1/2014,39
7/2/2014,34
7/3/2014,32
7/4/2014,18
7/5/2014,47
7/6/2014,40
7/7/2014,2
7/8/2014,17
7/9/2014,28
7/10/2014,14
7/11/2014,48
7/12/2014,44
7/13/2014,16
7/14/2014,7
7/15/2014,1
7/16/2014,49
7/17/2014,16
7/18/2014,38
7/19/2014,28
7/20/2014,8
7/21/2014,18
7/22/2014,1
7/23/2014,3
7/24/2014,43
7/25/2014,5
7/26/2014,15
7/27/2014,21
7/28/2014,36
7/29/2014,15
7/30/2014,26
7/31/2014,26
8/1/2014,32
8/2/2014,29
8/3/2014,16
8/4/2014,13
8/5/2014,7
8/6/2014,14
8/7/2014,20
8/8/2014,29
8/9/2014,10
8/10/2014,28
8/11/2014,36
8/12/2014,21
8/13/2014,44
8/14/2014,35
8/15/2014,0
8/16/2014,16
8/17/2014,40
8/18/2014,24
8/19/2014,14
8/20/2014,35
8/21/2014,49
8/22/2014,38
8/23/2014,14
8/24/2014,33
8/25/2014,48
8/26/2014,31
8/27/2014,34
8/28/2014,33
8/29/2014,23
8/30/2014,14
8/31/2014,11
9/1/2014,7
9/2/2014,19
9/3/2014,34
9/4/2014,27
9/5/2014,47
9/6/2014,9
9/7/2014,23
9/8/2014,24
9/9/2014,36
9/10/2014,47
9/11/2014,9
9/12/2014,18
9/13/2014,38
9/14/2014,36
9/15/2014,9
9/16/2014,40
9/17/2014,0
9/18/2014,5
9/19/2014,45
9/20/2014,47
9/21/2014,37
9/22/2014,45
9/23/2014,33
9/24/2014,24
9/25/2014,32
9/26/2014,4
9/27/2014,12
9/28/2014,46
9/29/2014,44
9/30/2014,20
10/1/2014,40
10/2/2014,14
10/3/2014,46
10/4/2014,21
10/5/2014,11
10/6/2014,0
10/7/2014,3
10/8/2014,7
10/9/2014,39
10/10/2014,49
10/11/2014,47
10/12/2014,44
10/13/2014,35
10/14/2014,1
10/15/2014,1
10/16/2014,11
10/17/2014,17
10/18/2014,1
10/19/2014,47
10/20/2014,41
10/21/2014,29
10/22/2014,15
10/23/2014,11
10/24/2014,19
10/25/2014,6
10/26/2014,19
10/27/2014,47
10/28/2014,50
10/29/2014,22
10/30/2014,17
10/31/2014,47
11/1/2014,0
11/2/2014,37
11/3/2014,33
11/4/2014,11
11/5/2014,38
11/6/2014,3
11/7/2014,5
11/8/2014,8
11/9/2014,5
11/10/2014,7
11/11/2014,5
11/12/2014,14
11/13/2014,2
11/14/2014,20
11/15/2014,49
11/16/2014,19
11/17/2014,42
11/18/2014,40
11/19/2014,12
11/20/2014,22
11/21/2014,29
11/22/2014,6
11/23/2014,38
11/24/2014,7
11/25/2014,32
11/26/2014,18
11/27/2014,27
11/28/2014,25
11/29/2014,28
11/30/2014,3
12/1/2014,32
12/2/2014,39
12/3/2014,29
12/4/2014,27
12/5/2014,21
12/6/2014,43
12/7/2014,49
12/8/2014,28
12/9/2014,2
12/10/2014,44
12/11/2014,16
12/12/2014,35
12/13/2014,35
12/14/2014,30
12/15/2014,32
12/16/2014,24
12/17/2014,41
12/18/2014,2
12/19/2014,34
12/20/2014,8
12/21/2014,48
12/22/2014,5
12/23/2014,34
12/24/2014,33
12/25/2014,33
12/26/2014,33
12/27/2014,9
12/28/2014,40
12/29/2014,27
12/30/2014,21
12/31/2014,38
1/1/2015,15
1/2/2015,29
1/3/2015,16
1/4/2015,24
1/5/2015,31
1/6/2015,2
1/7/2015,45
1/8/2015,30
1/9/2015,11
1/10/2015,41
1/11/2015,24
1/12/2015,19
1/13/2015,48
1/14/2015,23
1/15/2015,39
1/16/2015,15
1/17/2015,30
1/18/2015,7
1/19/2015,34
1/20/2015,2
1/21/2015,9
1/22/2015,14
1/23/2015,46
1/24/2015,37
1/25/2015,13
1/26/2015,29
1/27/2015,11
1/28/2015,24
1/29/2015,1
1/30/2015,0
1/31/2015,40
2/1/2015,33
2/2/2015,43
2/3/2015,32
2/4/2015,2
2/5/2015,8
2/6/2015,46
2/7/2015,5
2/8/2015,49
2/9/2015,39
2/10/2015,1
2/11/2015,12
2/12/2015,50
2/13/2015,49
2/14/2015,47
2/15/2015,21
2/16/2015,1
2/17/2015,3
2/18/2015,1
2/19/2015,31
2/20/2015,38
2/21/2015,20
2/22/2015,3
2/23/2015,40
2/24/2015,16
2/25/2015,1
2/26/2015,1
2/27/2015,9
2/28/2015,3
3/1/2015,22
3/2/2015,41
3/3/2015,25
3/4/2015,41
3/5/2015,9
3/6/2015,7
3/7/2015,21
3/8/2015,41
3/9/2015,34
3/10/2015,21
3/11/2015,14
3/12/2015,2
3/13/2015,33
3/14/2015,49
3/15/2015,14
3/16/2015,2
3/17/2015,22
3/18/2015,21
3/19/2015,8
3/20/2015,10
3/21/2015,26
3/22/2015,38
3/23/2015,48
3/24/2015,31
3/25/2015,48
3/26/2015,42
3/27/2015,0
3/28/2015,36
3/29/2015,40
3/30/2015,22
3/31/2015,6
4/1/2015,17
4/2/2015,14
4/3/2015,33
4/4/2015,27
4/5/2015,25
4/6/2015,42
4/7/2015,17
4/8/2015,24
4/9/2015,14
4/10/2015,29
4/11/2015,5
4/12/2015,46
4/13/2015,14
4/14/2015,47
4/15/2015,1
4/16/2015,3
4/17/2015,7
4/18/2015,18
4/19/2015,20
4/20/2015,40
4/21/2015,27
4/22/2015,1
4/23/2015,36
4/24/2015,15
4/25/2015,45
4/26/2015,41
4/27/2015,13
4/28/2015,40
4/29/2015,41
4/30/2015,40
5/1/2015,14
5/2/2015,9
5/3/2015,40
5/4/2015,5
5/5/2015,4
5/6/2015,25
5/7/2015,50
5/8/2015,45
5/9/2015,16
5/10/2015,44
5/11/2015,29
5/12/2015,44
5/13/2015,28
5/14/2015,45
5/15/2015,31
5/16/2015,2
5/17/2015,36
5/18/2015,30
5/19/2015,12
5/20/2015,32
5/21/2015,19
5/22/2015,24
5/23/2015,44
5/24/2015,2
5/25/2015,49
5/26/2015,20
5/27/2015,12
5/28/2015,22
5/29/2015,38
5/30/2015,23
5/31/2015,0
6/1/2015,45
6/2/2015,0
6/3/2015,1
6/4/2015,6
6/5/2015,38
6/6/2015,24
6/7/2015,18
6/8/2015,3
6/9/2015,36
6/10/2015,12
6/11/2015,37
6/12/2015,40
6/13/2015,9
6/14/2015,7
6/15/2015,8
6/16/2015,45
6/17/2015,37
6/18/2015,20
6/19/2015,40
6/20/2015,33
6/21/2015,21
6/22/2015,46
6/23/2015,20
6/24/2015,8
6/25/2015,36
6/26/2015,0
6/27/2015,36
6/28/2015,38
6/29/2015,13
6/30/2015,6
7/1/2015,18
7/2/2015,15
7/3/2015,44
7/4/2015,10
7/5/2015,49
7/6/2015,15
7/7/2015,11
7/8/2015,22
7/9/2015,30
7/10/2015,46
7/11/2015,49
7/12/2015,13
7/13/2015,23
7/14/2015,46
7/15/2015,47
7/16/2015,5
7/17/2015,7
7/18/2015,24
7/19/2015,7
7/20/2015,48
7/21/2015,12
7/22/2015,23
7/23/2015,30
7/24/2015,41
7/25/2015,18
7/26/2015,28
7/27/2015,6
7/28/2015,34
7/29/2015,19
7/30/2015,42
7/31/2015,14
8/1/2015,18
8/2/2015,8
8/3/2015,36
8/4/2015,27
8/5/2015,29
8/6/2015,13
8/7/2015,19
8/8/2015,9
8/9/2015,36
8/10/2015,25
8/11/2015,8
8/12/2015,4
8/13/2015,47
8/14/2015,4
8/15/2015,47
8/16/2015,12
8/17/2015,0
8/18/2015,36
8/19/2015,38
8/20/2015,33
8/21/2015,18
8/22/2015,13
8/23/2015,18
8/24/2015,42
8/25/2015,37
8/26/2015,34
8/27/2015,16
8/28/2015,3
8/29/2015,15
8/30/2015,50
8/31/2015,5
9/1/2015,29
9/2/2015,19
9/3/2015,35
9/4/2015,15
9/5/2015,43
9/6/2015,0
9/7/2015,17
9/8/2015,18
9/9/2015,17
9/10/2015,49
9/11/2015,21
9/12/2015,10
9/13/2015,22
9/14/2015,10
9/15/2015,48
9/16/2015,16
9/17/2015,34
9/18/2015,35
9/19/2015,39
9/20/2015,35
9/21/2015,35
9/22/2015,3
9/23/2015,21
9/24/2015,48
9/25/2015,46
9/26/2015,45
9/27/2015,27
9/28/2015,16
9/29/2015,5
9/30/2015,20
10/1/2015,38
10/2/2015,12
10/3/2015,24
10/4/2015,19
10/5/2015,19
10/6/2015,5
10/7/2015,2
10/8/2015,17
10/9/2015,29
10/10/2015,0
10/11/2015,8
10/12/2015,40
10/13/2015,5
10/14/2015,34
10/15/2015,47
10/16/2015,32
10/17/2015,46
10/18/2015,40
10/19/2015,28
10/20/2015,28
10/21/2015,9
10/22/2015,16
10/23/2015,11
10/24/2015,6
10/25/2015,33
10/26/2015,10
10/27/2015,5
10/28/2015,30
10/29/2015,16
10/30/2015,20
10/31/2015,20
11/1/2015,35
11/2/2015,18
11/3/2015,50
11/4/2015,50
11/5/2015,21
11/6/2015,20
11/7/2015,43
11/8/2015,38
11/9/2015,39
11/10/2015,12
11/11/2015,7
11/12/2015,26
11/13/2015,1
11/14/2015,19
11/15/2015,34
11/16/2015,12
11/17/2015,3
11/18/2015,23
11/19/2015,28
11/20/2015,25
11/21/2015,29
11/22/2015,19
11/23/2015,41
11/24/2015,6
11/25/2015,22
11/26/2015,24
11/27/2015,15
11/28/2015,24
11/29/2015,19
11/30/2015,23
12/1/2015,35
12/2/2015,32
12/3/2015,4
12/4/2015,33
12/5/2015,47
12/6/2015,27
12/7/2015,10
12/8/2015,17
12/9/2015,49
12/10/2015,40
12/11/2015,22
12/12/2015,2
12/13/2015,5
12/14/2015,24
12/15/2015,46
12/16/2015,13
12/17/2015,38
12/18/2015,14
12/19/2015,31
12/20/2015,17
12/21/2015,49
12/22/2015,22
12/23/2015,20
12/24/2015,37
12/25/2015,12
12/26/2015,12
12/27/2015,37
12/28/2015,37
12/29/2015,43
12/30/2015,16
12/31/2015,26
1/1/2016,8
1/2/2016,39
1/3/2016,8
1/4/2016,24
1/5/2016,46
1/6/2016,16
1/7/2016,16
1/8/2016,17
1/9/2016,34
1/10/2016,26
1/11/2016,23
1/12/2016,18
1/13/2016,48
1/14/2016,39
1/15/2016,38
1/16/2016,41
1/17/2016,19
1/18/2016,39
1/19/2016,47
1/20/2016,31
1/21/2016,21
1/22/2016,32
1/23/2016,10
1/24/2016,31
1/25/2016,4
1/26/2016,25
1/27/2016,5
1/28/2016,45
1/29/2016,40
1/30/2016,18
1/31/2016,16
2/1/2016,43
2/2/2016,13
2/3/2016,4
2/4/2016,23
2/5/2016,48
2/6/2016,21
2/7/2016,22
2/8/2016,40
2/9/2016,41
2/10/2016,46
2/11/2016,3
2/12/2016,12
2/13/2016,49
2/14/2016,25
2/15/2016,11
2/16/2016,29
2/17/2016,46
2/18/2016,49
2/19/2016,34
2/20/2016,2
2/21/2016,8
2/22/2016,20
2/23/2016,13
2/24/2016,15
2/25/2016,34
2/26/2016,17
2/27/2016,28
2/28/2016,7
2/29/2016,36
3/1/2016,34
3/2/2016,15
3/3/2016,37
3/4/2016,25
3/5/2016,34
3/6/2016,1
3/7/2016,15
3/8/2016,10
3/9/2016,28
3/10/2016,32
3/11/2016,22
3/12/2016,20
3/13/2016,5
3/14/2016,34
3/15/2016,11
3/16/2016,46
3/17/2016,11
3/18/2016,25
3/19/2016,22
3/20/2016,5
3/21/2016,44
3/22/2016,16
3/23/2016,28
3/24/2016,7
3/25/2016,46
3/26/2016,3
3/27/2016,38
3/28/2016,38
3/29/2016,27
3/30/2016,34
3/31/2016,27
4/1/2016,33
4/2/2016,22
4/3/2016,13
4/4/2016,0
4/5/2016,1
4/6/2016,10
4/7/2016,13
4/8/2016,41
4/9/2016,27
4/10/2016,6
4/11/2016,35
4/12/2016,4
4/13/2016,46
4/14/2016,34
4/15/2016,50
4/16/2016,46
4/17/2016,2
4/18/2016,6
4/19/2016,11
4/20/2016,48
4/21/2016,12
4/22/2016,44
4/23/2016,18
4/24/2016,9
4/25/2016,34
4/26/2016,16
4/27/2016,23
4/28/2016,31
4/29/2016,35
4/30/2016,11
5/1/2016,41
5/2/2016,10
5/3/2016,5
5/4/2016,25
5/5/2016,16
5/6/2016,38
5/7/2016,46
5/8/2016,27
5/9/2016,17
5/10/2016,25
5/11/2016,18
5/12/2016,5
5/13/2016,24
5/14/2016,50
5/15/2016,37
5/16/2016,14
5/17/2016,42
5/18/2016,16
5/19/2016,24
5/20/2016,3
5/21/2016,3
5/22/2016,25
5/23/2016,18
5/24/2016,31
5/25/2016,33
5/26/2016,13
5/27/2016,14
5/28/2016,6
5/29/2016,16
5/30/2016,0
5/31/2016,36
6/1/2016,8
6/2/2016,32
6/3/2016,42
6/4/2016,10
6/5/2016,22
6/6/2016,0
6/7/2016,35
6/8/2016,44
6/9/2016,0
6/10/2016,24
6/11/2016,22
6/12/2016,29
6/13/2016,11
6/14/2016,34
6/15/2016,28
6/16/2016,22
6/17/2016,16
6/18/2016,18
6/19/2016,8
6/20/2016,0
6/21/2016,5
6/22/2016,30
6/23/2016,1
6/24/2016,9
6/25/2016,25
6/26/2016,1
6/27/2016,42
6/28/2016,14
6/29/2016,25
6/30/2016,7
7/1/2016,18
7/2/2016,26
7/3/2016,42
7/4/2016,30
7/5/2016,10
7/6/2016,0
7/7/2016,25
7/8/2016,47
7/9/2016,19
7/10/2016,24
7/11/2016,8
7/12/2016,50
7/13/2016,9
7/14/2016,39
7/15/2016,14
7/16/2016,37
7/17/2016,36
7/18/2016,45
7/19/2016,17
7/20/2016,40
7/21/2016,20
7/22/2016,9
7/23/2016,32
7/24/2016,21
7/25/2016,32
7/26/2016,20
7/27/2016,34
7/28/2016,5
7/29/2016,33
7/30/2016,5
7/31/2016,20
8/1/2016,36
8/2/2016,6
8/3/2016,28
8/4/2016,5
8/5/2016,23
8/6/2016,14
8/7/2016,26
8/8/2016,38
8/9/2016,43
8/10/2016,1
8/11/2016,29
8/12/2016,0
8/13/2016,17
8/14/2016,37
8/15/2016,4
8/16/2016,2
8/17/2016,43
8/18/2016,29
8/19/2016,27
8/20/2016,18
8/21/2016,9
8/22/2016,22
8/23/2016,2
8/24/2016,31
8/25/2016,18
8/26/2016,10
8/27/2016,14
8/28/2016,16
8/29/2016,14
8/30/2016,21
8/31/2016,40
9/1/2016,20
9/2/2016,29
9/3/2016,37
9/4/2016,49
9/5/2016,15
9/6/2016,22
9/7/2016,44
9/8/2016,17
9/9/2016,10
9/10/2016,19
9/11/2016,26
9/12/2016,6
9/13/2016,44
9/14/2016,40
9/15/2016,18
9/16/2016,4
9/17/2016,17
9/18/2016,7
9/19/2016,9
9/20/2016,5
9/21/2016,4
9/22/2016,47
9/23/2016,6
9/24/2016,43
9/25/2016,24
9/26/2016,26
9/27/2016,3
9/28/2016,7
9/29/2016,18
9/30/2016,8
10/1/2016,31
10/2/2016,46
10/3/2016,6
10/4/2016,24
10/5/2016,41
10/6/2016,23
10/7/2016,36
10/8/2016,3
10/9/2016,25
10/10/2016,47
10/11/2016,29
10/12/2016,23
10/13/2016,21
10/14/2016,50
10/15/2016,21
10/16/2016,23
10/17/2016,25
10/18/2016,17
10/19/2016,13
10/20/2016,28
10/21/2016,5
10/22/2016,15
10/23/2016,0
10/24/2016,30
10/25/2016,37
10/26/2016,7
10/27/2016,7
10/28/2016,37
10/29/2016,33
10/30/2016,21
10/31/2016,0
11/1/2016,43
11/2/2016,19
11/3/2016,49
11/4/2016,45
11/5/2016,42
11/6/2016,2
11/7/2016,32
11/8/2016,34
11/9/2016,15
11/10/2016,26
11/11/2016,2
11/12/2016,38
11/13/2016,14
11/14/2016,16
11/15/2016,6
11/16/2016,26
11/17/2016,43
11/18/2016,23
11/19/2016,49
11/20/2016,41
11/21/2016,24
11/22/2016,13
11/23/2016,45
11/24/2016,25
11/25/2016,13
11/26/2016,17
11/27/2016,38
11/28/2016,25
11/29/2016,30
11/30/2016,49
12/1/2016,45
12/2/2016,3
12/3/2016,39
12/4/2016,37
12/5/2016,46
12/6/2016,9
12/7/2016,28
12/8/2016,2
12/9/2016,9
12/10/2016,45
12/11/2016,15
12/12/2016,5
12/13/2016,50
12/14/2016,14
12/15/2016,19
12/16/2016,43
12/17/2016,15
12/18/2016,42
12/19/2016,35
12/20/2016,37
12/21/2016,18
12/22/2016,0
12/23/2016,34
12/24/2016,19
12/25/2016,1
12/26/2016,22
12/27/2016,49
12/28/2016,8
12/29/2016,2
12/30/2016,24
12/31/2016,37
1/1/2017,41
1/2/2017,48
1/3/2017,43
1/4/2017,2
1/5/2017,5
1/6/2017,9
1/7/2017,24
1/8/2017,28
1/9/2017,6
1/10/2017,43
1/11/2017,38
1/12/2017,45
1/13/2017,2
1/14/2017,18
1/15/2017,37
1/16/2017,11
1/17/2017,42
1/18/2017,4
1/19/2017,1
1/20/2017,32
1/21/2017,36
1/22/2017,21
1/23/2017,45
1/24/2017,46
1/25/2017,8
1/26/2017,49
1/27/2017,11
1/28/2017,15
1/29/2017,39
1/30/2017,27
1/31/2017,9
2/1/2017,46
2/2/2017,4
2/3/2017,10
2/4/2017,35
2/5/2017,50
2/6/2017,12
2/7/2017,3
2/8/2017,37
2/9/2017,30
2/10/2017,5
2/11/2017,17
2/12/2017,42
2/13/2017,49
2/14/2017,22
2/15/2017,5
2/16/2017,40
2/17/2017,33
2/18/2017,28
2/19/2017,48
2/20/2017,40
2/21/2017,38
2/22/2017,7
2/23/2017,18
2/24/2017,24
2/25/2017,50
2/26/2017,2
2/27/2017,5
2/28/2017,3
3/1/2017,29
3/2/2017,34
3/3/2017,39
3/4/2017,36
3/5/2017,41
3/6/2017,14
3/7/2017,8
3/8/2017,21
3/9/2017,23
3/10/2017,49
3/11/2017,23
3/12/2017,16
3/13/2017,44
3/14/2017,48
3/15/2017,34
3/16/2017,35
3/17/2017,10
3/18/2017,26
3/19/2017,43
3/20/2017,5
3/21/2017,1
3/22/2017,14
3/23/2017,13
3/24/2017,33
3/25/2017,18
3/26/2017,12
3/27/2017,22
3/28/2017,43
3/29/2017,1
3/30/2017,22
3/31/2017,32
4/1/2017,18
4/2/2017,13
4/3/2017,36
4/4/2017,44
4/5/2017,45
4/6/2017,22
4/7/2017,21
4/8/2017,38
4/9/2017,27
4/10/2017,22
4/11/2017,24
4/12/2017,22
4/13/2017,31
4/14/2017,40
4/15/2017,46
4/16/2017,35
4/17/2017,2
4/18/2017,11
4/19/2017,6
4/20/2017,21
4/21/2017,5
4/22/2017,2
4/23/2017,35
4/24/2017,20
4/25/2017,37
4/26/2017,8
4/27/2017,20
4/28/2017,1
4/29/2017,9
4/30/2017,0
5/1/2017,36
5/2/2017,7
5/3/2017,6
5/4/2017,35
5/5/2017,8
5/6/2017,48
5/7/2017,12
5/8/2017,30
5/9/2017,32
5/10/2017,11
5/11/2017,5
5/12/2017,12
5/13/2017,11
5/14/2017,16
5/15/2017,22
5/16/2017,25
5/17/2017,42
5/18/2017,15
5/19/2017,22
5/20/2017,16
5/21/2017,14
5/22/2017,0
5/23/2017,16
5/24/2017,10
5/25/2017,40
5/26/2017,20
5/27/2017,6
5/28/2017,33
5/29/2017,26
5/30/2017,10
5/31/2017,7
6/1/2017,23
6/2/2017,11
6/3/2017,22
6/4/2017,30
6/5/2017,29
6/6/2017,30
6/7/2017,14
6/8/2017,22
6/9/2017,42
6/10/2017,9
6/11/2017,31
6/12/2017,7
6/13/2017,34
6/14/2017,4
6/15/2017,45
6/16/2017,25
6/17/2017,42
6/18/2017,12
6/19/2017,12
6/20/2017,47
6/21/2017,11
6/22/2017,32
6/23/2017,17
6/24/2017,18
6/25/2017,9
6/26/2017,50
6/27/2017,37
6/28/2017,36
6/29/2017,29
6/30/2017,41
7/1/2017,17
7/2/2017,30
7/3/2017,26
7/4/2017,38
7/5/2017,37
7/6/2017,45
7/7/2017,20
7/8/2017,31
7/9/2017,28
7/10/2017,4
7/11/2017,1
7/12/2017,8
7/13/2017,17
7/14/2017,49
7/15/2017,49
7/16/2017,15
7/17/2017,1
7/18/2017,11
7/19/2017,0
7/20/2017,35
7/21/2017,18
7/22/2017,19
7/23/2017,17
7/24/2017,6
7/25/2017,25
7/26/2017,12
7/27/2017,11
7/28/2017,29
7/29/2017,40
7/30/2017,13
7/31/2017,48
8/1/2017,29
8/2/2017,33
8/3/2017,26
8/4/2017,0
8/5/2017,14
8/6/2017,36
8/7/2017,25
8/8/2017,26
8/9/2017,43
8/10/2017,41
8/11/2017,10
8/12/2017,22
8/13/2017,0
8/14/2017,28
8/15/2017,4
8/16/2017,29
8/17/2017,25
8/18/2017,5
8/19/2017,9
8/20/2017,29
8/21/2017,29
8/22/2017,48
8/23/2017,1
8/24/2017,29
8/25/2017,22
8/26/2017,15
8/27/2017,3
8/28/2017,6
8/29/2017,49
8/30/2017,41
8/31/2017,45
9/1/2017,46
9/2/2017,0
9/3/2017,44
9/4/2017,19
9/5/2017,2
9/6/2017,1
9/7/2017,9
9/8/2017,3
9/9/2017,4
9/10/2017,6
9/11/2017,10
9/12/2017,0
9/13/2017,13
9/14/2017,2
9/15/2017,19
9/16/2017,25
9/17/2017,31
9/18/2017,18
9/19/2017,49
9/20/2017,5
9/21/2017,1
9/22/2017,40
9/23/2017,13
9/24/2017,7
9/25/2017,7
9/26/2017,22
9/27/2017,45
9/28/2017,47
9/29/2017,38
9/30/2017,46
10/1/2017,29
10/2/2017,46
10/3/2017,1
10/4/2017,30
10/5/2017,45
10/6/2017,11
10/7/2017,34
10/8/2017,26
10/9/2017,0
10/10/2017,28
10/11/2017,13
10/12/2017,41
10/13/2017,46
10/14/2017,6
10/15/2017,43
10/16/2017,21
10/17/2017,37
10/18/2017,17
10/19/2017,21
10/20/2017,12
10/21/2017,14
10/22/2017,47
10/23/2017,8
10/24/2017,37
10/25/2017,6
10/26/2017,18
10/27/2017,2
10/28/2017,43
10/29/2017,27
10/30/2017,29
10/31/2017,21
11/1/2017,50
11/2/2017,33
11/3/2017,6
11/4/2017,7
11/5/2017,50
11/6/2017,23
11/7/2017,31
11/8/2017,20
11/9/2017,37
11/10/2017,9
11/11/2017,3
11/12/2017,9
11/13/2017,33
11/14/2017,2
11/15/2017,39
11/16/2017,6
11/17/2017,23
11/18/2017,32
11/19/2017,35
11/20/2017,28
11/21/2017,24
11/22/2017,17
11/23/2017,36
11/24/2017,5
11/25/2017,39
11/26/2017,28
11/27/2017,40
11/28/2017,38
11/29/2017,30
11/30/2017,16
12/1/2017,43
12/2/2017,38
12/3/2017,23
12/4/2017,6
12/5/2017,0
12/6/2017,8
12/7/2017,1
12/8/2017,34
12/9/2017,23
12/10/2017,36
12/11/2017,45
12/12/2017,28
12/13/2017,24
12/14/2017,16
12/15/2017,10
12/16/2017,21
12/17/2017,11
12/18/2017,36
12/19/2017,34
12/20/2017,22
12/21/2017,40
12/22/2017,29
12/23/2017,31
12/24/2017,34
12/25/2017,36
12/26/2017,32
12/27/2017,39
12/28/2017,1
12/29/2017,3
12/30/2017,32
12/31/2017,50
1/1/2018,8
1/2/2018,9
1/3/2018,22
1/4/2018,29
1/5/2018,12
1/6/2018,14
1/7/2018,16
1/8/2018,22
1/9/2018,34
1/10/2018,13
1/11/2018,38
1/12/2018,48
1/13/2018,0
1/14/2018,45
1/15/2018,8
1/16/2018,17
1/17/2018,45
1/18/2018,28
1/19/2018,19
1/20/2018,3
1/21/2018,41
1/22/2018,14
1/23/2018,48
1/24/2018,32
1/25/2018,2
1/26/2018,25
1/27/2018,10
1/28/2018,12
1/29/2018,10
1/30/2018,35
1/31/2018,35
2/1/2018,18
2/2/2018,6
2/3/2018,39
2/4/2018,3
2/5/2018,41
2/6/2018,26
2/7/2018,24
2/8/2018,43
2/9/2018,26
2/10/2018,35
2/11/2018,9
2/12/2018,35
2/13/2018,2
2/14/2018,39
2/15/2018,48
2/16/2018,15
2/17/2018,33
2/18/2018,39
2/19/2018,23
2/20/2018,20
2/21/2018,29
2/22/2018,40
2/23/2018,42
2/24/2018,42
2/25/2018,36
2/26/2018,29
2/27/2018,29
2/28/2018,16
3/1/2018,17
3/2/2018,24
3/3/2018,1
3/4/2018,48
3/5/2018,7
3/6/2018,5
3/7/2018,9
3/8/2018,47
3/9/2018,10
3/10/2018,44
3/11/2018,32
3/12/2018,9
3/13/2018,22
3/14/2018,34
3/15/2018,41
3/16/2018,4
3/17/2018,13
3/18/2018,12
3/19/2018,40
3/20/2018,43
3/21/2018,25
3/22/2018,23
3/23/2018,23
3/24/2018,0
3/25/2018,41
3/26/2018,35
3/27/2018,50
3/28/2018,13
3/29/2018,39
3/30/2018,5
3/31/2018,40
4/1/2018,12
4/2/2018,26
4/3/2018,21
4/4/2018,42
4/5/2018,43
4/6/2018,35
4/7/2018,26
4/8/2018,41
4/9/2018,5
4/10/2018,32
4/11/2018,42
4/12/2018,8
4/13/2018,20
4/14/2018,26
4/15/2018,20
4/16/2018,32
4/17/2018,39
4/18/2018,26
4/19/2018,20
4/20/2018,23
4/21/2018,50
4/22/2018,29
4/23/2018,18
4/24/2018,25
4/25/2018,48
4/26/2018,47
4/27/2018,40
4/28/2018,13
4/29/2018,0
4/30/2018,45
5/1/2018,32
5/2/2018,18
5/3/2018,17
5/4/2018,26
5/5/2018,12
5/6/2018,22
5/7/2018,20
5/8/2018,13
5/9/2018,15
5/10/2018,11
5/11/2018,38
5/12/2018,20
5/13/2018,20
5/14/2018,31
5/15/2018,16
5/16/2018,1
5/17/2018,30
5/18/2018,18
5/19/2018,35
5/20/2018,26
5/21/2018,49
5/22/2018,15
5/23/2018,7
5/24/2018,45
5/25/2018,44
5/26/2018,25
5/27/2018,21
5/28/2018,10
5/29/2018,12
5/30/2018,11
5/31/2018,46
6/1/2018,8
6/2/2018,37
6/3/2018,1
6/4/2018,25
6/5/2018,50
6/6/2018,8
6/7/2018,44
6/8/2018,48
6/9/2018,3
6/10/2018,48
6/11/2018,2
6/12/2018,0
6/13/2018,41
6/14/2018,26
6/15/2018,48
6/16/2018,7
6/17/2018,28
6/18/2018,9
6/19/2018,42
6/20/2018,4
6/21/2018,24
6/22/2018,16
6/23/2018,48
6/24/2018,6
6/25/2018,20
6/26/2018,48
6/27/2018,29
6/28/2018,40
6/29/2018,14
6/30/2018,2
7/1/2018,31
7/2/2018,19
7/3/2018,38
7/4/2018,16
7/5/2018,10
7/6/2018,20
7/7/2018,6
7/8/2018,46
7/9/2018,45
7/10/2018,22
7/11/2018,23
7/12/2018,50
7/13/2018,31
7/14/2018,7
7/15/2018,47
7/16/2018,6
7/17/2018,4
7/18/2018,21
7/19/2018,32
7/20/2018,42
7/21/2018,1
7/22/2018,10
7/23/2018,0
7/24/2018,43
7/25/2018,34
7/26/2018,17
7/27/2018,35
7/28/2018,9
7/29/2018,9
7/30/2018,22
7/31/2018,9
8/1/2018,36
8/2/2018,31
8/3/2018,34
8/4/2018,40
8/5/2018,4
8/6/2018,50
8/7/2018,19
8/8/2018,24
8/9/2018,41
8/10/2018,32
8/11/2018,44
8/12/2018,21
8/13/2018,1
8/14/2018,24
8/15/2018,29
8/16/2018,10
8/17/2018,4
8/18/2018,0
8/19/2018,50
8/20/2018,41
8/21/2018,22
8/22/2018,6
8/23/2018,20
8/24/2018,50
8/25/2018,16
8/26/2018,33
8/27/2018,39
8/28/2018,16
8/29/2018,16
8/30/2018,28
8/31/2018,12
9/1/2018,9
9/2/2018,2
9/3/2018,13
9/4/2018,23
9/5/2018,6
9/6/2018,14
9/7/2018,1
9/8/2018,3
9/9/2018,48
9/10/2018,5
9/11/2018,13
9/12/2018,44
9/13/2018,12
9/14/2018,25
9/15/2018,45
9/16/2018,29
9/17/2018,5
9/18/2018,24
9/19/2018,4
9/20/2018,24
9/21/2018,31
9/22/2018,36
9/23/2018,34
9/24/2018,44
9/25/2018,44
9/26/2018,31
9/27/2018,44
9/28/2018,45
9/29/2018,40
9/30/2018,24
10/1/2018,48
10/2/2018,19
10/3/2018,4
10/4/2018,11
10/5/2018,40
10/6/2018,18
10/7/2018,1
10/8/2018,36
10/9/2018,6
10/10/2018,29
10/11/2018,22
10/12/2018,26
10/13/2018,19
10/14/2018,17
10/15/2018,22
10/16/2018,18
10/17/2018,31
10/18/2018,35
10/19/2018,40
10/20/2018,43
10/21/2018,6
10/22/2018,28
10/23/2018,34
10/24/2018,16
10/25/2018,43
10/26/2018,5
10/27/2018,36
10/28/2018,27
10/29/2018,39
10/30/2018,41
10/31/2018,36
11/1/2018,49
11/2/2018,46
11/3/2018,7
11/4/2018,6
11/5/2018,9
11/6/2018,13
11/7/2018,20
11/8/2018,6
11/9/2018,11
11/10/2018,17
11/11/2018,33
11/12/2018,44
11/13/2018,45
11/14/2018,14
11/15/2018,15
11/16/2018,25
11/17/2018,47
11/18/2018,20
11/19/2018,28
11/20/2018,24
11/21/2018,15
11/22/2018,6
11/23/2018,5
11/24/2018,28
11/25/2018,14
11/26/2018,9
11/27/2018,42
11/28/2018,31
11/29/2018,38
11/30/2018,1
12/1/2018,24
12/2/2018,16
12/3/2018,39
12/4/2018,9
12/5/2018,43
12/6/2018,27
12/7/2018,37
12/8/2018,0
12/9/2018,16
12/10/2018,49
12/11/2018,30
12/12/2018,39
12/13/2018,23
12/14/2018,10
12/15/2018,24
12/16/2018,31
12/17/2018,31
12/18/2018,33
12/19/2018,4
12/20/2018,28
12/21/2018,36
12/22/2018,13
12/23/2018,47
12/24/2018,36
12/25/2018,2
12/26/2018,47
12/27/2018,45
12/28/2018,2
12/29/2018,29
12/30/2018,29
12/31/2018,6
1/1/2019,31
1/2/2019,37
1/3/2019,45
1/4/2019,46
1/5/2019,15
1/6/2019,40
1/7/2019,16
1/8/2019,47
1/9/2019,13
1/10/2019,15
1/11/2019,27
1/12/2019,8
1/13/2019,27
1/14/2019,23
1/15/2019,24
1/16/2019,34
1/17/2019,31
1/18/2019,33
1/19/2019,28
1/20/2019,40
1/21/2019,27
1/22/2019,17
1/23/2019,41
1/24/2019,47
1/25/2019,41
1/26/2019,26
1/27/2019,45
1/28/2019,48
1/29/2019,36
1/30/2019,30
1/31/2019,45
2/1/2019,40
2/2/2019,14
2/3/2019,45
2/4/2019,6
2/5/2019,3
2/6/2019,42
2/7/2019,42
2/8/2019,35
2/9/2019,26
2/10/2019,19
2/11/2019,20
2/12/2019,47
2/13/2019,32
2/14/2019,9
2/15/2019,45
2/16/2019,41
2/17/2019,22
2/18/2019,5
2/19/2019,16
2/20/2019,14
2/21/2019,49
2/22/2019,25
2/23/2019,9
2/24/2019,7
2/25/2019,27
2/26/2019,37
2/27/2019,36
2/28/2019,13
3/1/2019,35
3/2/2019,25
3/3/2019,31
3/4/2019,6
3/5/2019,1
3/6/2019,10
3/7/2019,34
3/8/2019,6
3/9/2019,6
3/10/2019,10
3/11/2019,42
3/12/2019,1
3/13/2019,41
3/14/2019,44
3/15/2019,23
3/16/2019,31
3/17/2019,27
3/18/2019,36
3/19/2019,10
3/20/2019,41
3/21/2019,44
3/22/2019,37
3/23/2019,39
3/24/2019,33
3/25/2019,35
3/26/2019,42
3/27/2019,13
3/28/2019,47
3/29/2019,27
3/30/2019,50
3/31/2019,35
4/1/2019,41
4/2/2019,6
4/3/2019,50
4/4/2019,31
4/5/2019,0
4/6/2019,7
4/7/2019,39
4/8/2019,3
4/9/2019,41
4/10/2019,0
4/11/2019,38
4/12/2019,25
4/13/2019,40
4/14/2019,38
4/15/2019,46
4/16/2019,47
4/17/2019,50
4/18/2019,7
4/19/2019,10
4/20/2019,22
4/21/2019,20
4/22/2019,13
4/23/2019,32
4/24/2019,13
4/25/2019,24
4/26/2019,36
4/27/2019,37
4/28/2019,34
4/29/2019,38
4/30/2019,50
5/1/2019,44
5/2/2019,40
5/3/2019,41
5/4/2019,33
5/5/2019,7
5/6/2019,45
5/7/2019,10
5/8/2019,38
5/9/2019,41
5/10/2019,17
5/11/2019,42
5/12/2019,27
5/13/2019,16
5/14/2019,18
5/15/2019,22
5/16/2019,5
5/17/2019,27
5/18/2019,5
5/19/2019,44
5/20/2019,7
5/21/2019,28
5/22/2019,45
5/23/2019,32
5/24/2019,12
5/25/2019,25
5/26/2019,41
5/27/2019,18
5/28/2019,3
5/29/2019,6
5/30/2019,12
5/31/2019,46
6/1/2019,19
6/2/2019,16
6/3/2019,43
6/4/2019,36
6/5/2019,31
6/6/2019,11
6/7/2019,17
6/8/2019,29
6/9/2019,26
6/10/2019,22
6/11/2019,9
6/12/2019,1
6/13/2019,24
6/14/2019,33
6/15/2019,45
6/16/2019,11
6/17/2019,46
6/18/2019,8
6/19/2019,35
6/20/2019,28
6/21/2019,46
6/22/2019,44
6/23/2019,39
6/24/2019,12
6/25/2019,18
6/26/2019,48
6/27/2019,25
6/28/2019,28
6/29/2019,50
6/30/2019,40
7/1/2019,44
7/2/2019,41
7/3/2019,50
7/4/2019,31
7/5/2019,6
7/6/2019,10
7/7/2019,29
7/8/2019,48
7/9/2019,1
7/10/2019,10
7/11/2019,14
7/12/2019,12
7/13/2019,7
7/14/2019,19
7/15/2019,12
7/16/2019,33
7/17/2019,0
7/18/2019,45
7/19/2019,8
7/20/2019,8
7/21/2019,5
7/22/2019,39
7/23/2019,30
7/24/2019,47
7/25/2019,33
7/26/2019,36
7/27/2019,2
7/28/2019,36
7/29/2019,48
7/30/2019,50
7/31/2019,30
8/1/2019,38
8/2/2019,26
8/3/2019,20
8/4/2019,4
8/5/2019,13
8/6/2019,16
8/7/2019,26
8/8/2019,12
8/9/2019,19
8/10/2019,41
8/11/2019,37
8/12/2019,30
8/13/2019,29
8/14/2019,41
8/15/2019,33
8/16/2019,35
8/17/2019,26
8/18/2019,30
8/19/2019,7
8/20/2019,7
8/21/2019,28
8/22/2019,30
8/23/2019,46
8/24/2019,43
8/25/2019,45
8/26/2019,6
8/27/2019,23
8/28/2019,7
8/29/2019,1
8/30/2019,6
8/31/2019,23
9/1/2019,11
9/2/2019,50
9/3/2019,0
9/4/2019,25
9/5/2019,45
9/6/2019,16
9/7/2019,21
9/8/2019,14
9/9/2019,38
9/10/2019,22
9/11/2019,20
9/12/2019,20
9/13/2019,35
9/14/2019,28
9/15/2019,37
9/16/2019,33
9/17/2019,15
9/18/2019,23
9/19/2019,19
9/20/2019,29
9/21/2019,23
9/22/2019,7
9/23/2019,37
9/24/2019,0
9/25/2019,46
9/26/2019,13
9/27/2019,9
9/28/2019,33
9/29/2019,5
9/30/2019,45
10/1/2019,7
10/2/2019,3
10/3/2019,39
10/4/2019,34
10/5/2019,5
10/6/2019,31
10/7/2019,36
10/8/2019,46
10/9/2019,47
10/10/2019,15
10/11/2019,15
10/12/2019,31
10/13/2019,5
10/14/2019,45
10/15/2019,9
10/16/2019,1
10/17/2019,34
10/18/2019,49
10/19/2019,18
10/20/2019,21
10/21/2019,17
10/22/2019,40
10/23/2019,31
10/24/2019,5
10/25/2019,33
10/26/2019,25
10/27/2019,14
10/28/2019,50
10/29/2019,40
10/30/2019,25
10/31/2019,4
11/1/2019,10
11/2/2019,3
11/3/2019,7
11/4/2019,3
11/5/2019,6
11/6/2019,2
11/7/2019,46
11/8/2019,50
11/9/2019,2
11/10/2019,31
11/11/2019,32
11/12/2019,5
11/13/2019,3
11/14/2019,45
11/15/2019,27
11/16/2019,35
11/17/2019,38
11/18/2019,27
11/19/2019,28
11/20/2019,46
11/21/2019,4
11/22/2019,1
11/23/2019,33
11/24/2019,30
11/25/2019,49
11/26/2019,3
11/27/2019,2
11/28/2019,26
11/29/2019,14
11/30/2019,38
12/1/2019,7
12/2/2019,10
12/3/2019,5
12/4/2019,4
12/5/2019,19
12/6/2019,17
12/7/2019,39
12/8/2019,10
12/9/2019,28
12/10/2019,38
12/11/2019,43
12/12/2019,17
12/13/2019,3
12/14/2019,33
12/15/2019,34
12/16/2019,44
12/17/2019,22
12/18/2019,8
12/19/2019,25
12/20/2019,37
12/21/2019,0
12/22/2019,44
12/23/2019,26
12/24/2019,18
12/25/2019,23
12/26/2019,26
12/27/2019,49
12/28/2019,6
12/29/2019,11
12/30/2019,3
12/31/2019,21
1/1/2020,42
1/2/2020,31
1/3/2020,4
1/4/2020,43
1/5/2020,44
1/6/2020,30
1/7/2020,46
1/8/2020,8
1/9/2020,1
1/10/2020,4
1/11/2020,35
1/12/2020,31
1/13/2020,17
1/14/2020,0
1/15/2020,25
1/16/2020,46
1/17/2020,30
1/18/2020,0
1/19/2020,16
1/20/2020,23
1/21/2020,41
1/22/2020,40
1/23/2020,29
1/24/2020,10
1/25/2020,10
1/26/2020,13
1/27/2020,21
1/28/2020,16
1/29/2020,12
1/30/2020,28
1/31/2020,25
2/1/2020,6
2/2/2020,48
2/3/2020,31
2/4/2020,36
2/5/2020,16
2/6/2020,23
2/7/2020,2
2/8/2020,29
2/9/2020,40
2/10/2020,36
2/11/2020,35
2/12/2020,44
2/13/2020,40
2/14/2020,17
2/15/2020,42
2/16/2020,26
2/17/2020,44
2/18/2020,42
2/19/2020,32
2/20/2020,3
2/21/2020,30
2/22/2020,37
2/23/2020,30
2/24/2020,40
2/25/2020,45
2/26/2020,24
2/27/2020,45
2/28/2020,23
2/29/2020,20
3/1/2020,1
3/2/2020,35
3/3/2020,45
3/4/2020,20
3/5/2020,2
3/6/2020,35
3/7/2020,6
3/8/2020,30
3/9/2020,13
3/10/2020,14
3/11/2020,29
3/12/2020,2
3/13/2020,49
3/14/2020,19
3/15/2020,8
3/16/2020,12
3/17/2020,15
3/18/2020,3
3/19/2020,29
3/20/2020,33
3/21/2020,39
3/22/2020,8
3/23/2020,32
3/24/2020,10
3/25/2020,23
3/26/2020,14
3/27/2020,41
3/28/2020,33
3/29/2020,45
3/30/2020,20
3/31/2020,19
4/1/2020,17
4/2/2020,12
4/3/2020,44
4/4/2020,47
4/5/2020,47
4/6/2020,43
4/7/2020,20
4/8/2020,48
4/9/2020,40
4/10/2020,29
4/11/2020,49
4/12/2020,21
4/13/2020,40
4/14/2020,38
4/15/2020,3
4/16/2020,17
4/17/2020,10
4/18/2020,41
4/19/2020,40
4/20/2020,29
4/21/2020,48
4/22/2020,25
4/23/2020,22
4/24/2020,43
4/25/2020,35
4/26/2020,11
4/27/2020,41
4/28/2020,0
4/29/2020,1
4/30/2020,17
5/1/2020,23
5/2/2020,34
5/3/2020,14
5/4/2020,1
5/5/2020,41
5/6/2020,28
5/7/2020,10
5/8/2020,30
5/9/2020,50
5/10/2020,7
5/11/2020,0
5/12/2020,41
5/13/2020,49
5/14/2020,36
5/15/2020,39
5/16/2020,40
5/17/2020,7
5/18/2020,28
5/19/2020,39
5/20/2020,29
5/21/2020,34
5/22/2020,10
5/23/2020,2
5/24/2020,4
5/25/2020,19
5/26/2020,43
5/27/2020,11
5/28/2020,23
5/29/2020,8
5/30/2020,40
5/31/2020,32
6/1/2020,12
6/2/2020,30
6/3/2020,17
6/4/2020,15
6/5/2020,32
6/6/2020,39
6/7/2020,33
6/8/2020,47
6/9/2020,36
6/10/2020,9
6/11/2020,5
6/12/2020,49
6/13/2020,9
6/14/2020,18
6/15/2020,26
6/16/2020,32
6/17/2020,31
6/18/2020,36
6/19/2020,20
6/20/2020,44
6/21/2020,15
6/22/2020,26
6/23/2020,6
6/24/2020,32
6/25/2020,35
6/26/2020,38
6/27/2020,2
6/28/2020,8
6/29/2020,12
6/30/2020,36
7/1/2020,8
7/2/2020,31
7/3/2020,48
7/4/2020,7
7/5/2020,40
7/6/2020,43
7/7/2020,5
7/8/2020,7
7/9/2020,25
7/10/2020,49
7/11/2020,38
7/12/2020,20
7/13/2020,0
7/14/2020,30
7/15/2020,1
7/16/2020,35
7/17/2020,30
7/18/2020,40
7/19/2020,9
7/20/2020,10
7/21/2020,44
7/22/2020,1
7/23/2020,12
7/24/2020,49
7/25/2020,42
7/26/2020,45
7/27/2020,6
7/28/2020,32
7/29/2020,22
7/30/2020,50
7/31/2020,17
8/1/2020,24
8/2/2020,49
8/3/2020,36
8/4/2020,23
8/5/2020,29
8/6/2020,43
8/7/2020,33
8/8/2020,49
8/9/2020,14
8/10/2020,31
8/11/2020,47
8/12/2020,9
8/13/2020,13
8/14/2020,3
8/15/2020,23
8/16/2020,10
8/17/2020,27
8/18/2020,28
8/19/2020,0
8/20/2020,45
8/21/2020,35
8/22/2020,3
8/23/2020,45
8/24/2020,39
8/25/2020,20
8/26/2020,49
8/27/2020,41
8/28/2020,3
8/29/2020,5
8/30/2020,8
8/31/2020,37
9/1/2020,21
9/2/2020,29
9/3/2020,29
9/4/2020,1
9/5/2020,23
9/6/2020,27
9/7/2020,16
9/8/2020,26
9/9/2020,6
9/10/2020,3
9/11/2020,38
9/12/2020,24
9/13/2020,36
9/14/2020,27
9/15/2020,44
9/16/2020,7
9/17/2020,1
9/18/2020,3
9/19/2020,13
9/20/2020,49
9/21/2020,34
9/22/2020,1
9/23/2020,45
9/24/2020,41
9/25/2020,26
9/26/2020,43
9/27/2020,9
9/28/2020,48
9/29/2020,28
9/30/2020,34
10/1/2020,14
10/2/2020,17
10/3/2020,28
10/4/2020,11
10/5/2020,14
10/6/2020,0
10/7/2020,50
10/8/2020,36
10/9/2020,8
10/10/2020,16
10/11/2020,32
10/12/2020,5
10/13/2020,48
10/14/2020,45
10/15/2020,22
10/16/2020,19
10/17/2020,43
10/18/2020,6
10/19/2020,1
10/20/2020,36
10/21/2020,7
10/22/2020,2
10/23/2020,25
10/24/2020,13
10/25/2020,49
10/26/2020,11
10/27/2020,30
10/28/2020,30
10/29/2020,3
10/30/2020,18
10/31/2020,32
11/1/2020,39
11/2/2020,34
11/3/2020,38
11/4/2020,30
11/5/2020,41
11/6/2020,4
11/7/2020,30
11/8/2020,8
11/9/2020,24
11/10/2020,26
11/11/2020,3
11/12/2020,27
11/13/2020,9
11/14/2020,18
11/15/2020,22
11/16/2020,8
11/17/2020,17
11/18/2020,7
11/19/2020,26
11/20/2020,34
11/21/2020,23
11/22/2020,8
11/23/2020,21
11/24/2020,14
11/25/2020,39
11/26/2020,8
11/27/2020,19
11/28/2020,1
11/29/2020,44
11/30/2020,1
12/1/2020,37
12/2/2020,36
12/3/2020,18
12/4/2020,30
12/5/2020,39
12/6/2020,40
12/7/2020,44
12/8/2020,50
12/9/2020,3
12/10/2020,44
12/11/2020,12
12/12/2020,18
12/13/2020,23
12/14/2020,23
12/15/2020,35
12/16/2020,28
12/17/2020,38
12/18/2020,46
12/19/2020,0
12/20/2020,49
12/21/2020,36
12/22/2020,19
12/23/2020,13
12/24/2020,33
12/25/2020,41
12/26/2020,29
12/27/2020,17
12/28/2020,45
12/29/2020,45
12/30/2020,36
12/31/2020,30
1/1/2021,20
1/2/2021,40
1/3/2021,1
1/4/2021,19
1/5/2021,49
1/6/2021,19
1/7/2021,32
1/8/2021,34
1/9/2021,42
1/10/2021,31
1/11/2021,29
1/12/2021,23
1/13/2021,5
1/14/2021,9
1/15/2021,48
1/16/2021,30
1/17/2021,20
1/18/2021,35
1/19/2021,28
1/20/2021,39
1/21/2021,42
1/22/2021,9
1/23/2021,42
1/24/2021,44
1/25/2021,2
1/26/2021,27
1/27/2021,30
1/28/2021,3
1/29/2021,26
1/30/2021,25
1/31/2021,44
2/1/2021,30
2/2/2021,33
2/3/2021,47
2/4/2021,13
2/5/2021,16
2/6/2021,1
2/7/2021,4
2/8/2021,2
2/9/2021,20
2/10/2021,28
2/11/2021,46
2/12/2021,13
2/13/2021,28
2/14/2021,27
2/15/2021,22
2/16/2021,5
2/17/2021,5
2/18/2021,27
2/19/2021,16
2/20/2021,42
2/21/2021,26
2/22/2021,40
2/23/2021,19
2/24/2021,24
2/25/2021,8
2/26/2021,49
2/27/2021,47
2/28/2021,3
3/1/2021,28
3/2/2021,44
3/3/2021,3
3/4/2021,39
3/5/2021,24
3/6/2021,32
3/7/2021,4
3/8/2021,38
3/9/2021,13
3/10/2021,28
3/11/2021,9
3/12/2021,13
3/13/2021,30
3/14/2021,3
3/15/2021,32
3/16/2021,37
3/17/2021,23
3/18/2021,35
3/19/2021,50
3/20/2021,19
3/21/2021,16
3/22/2021,43
3/23/2021,24
3/24/2021,19
3/25/2021,44
3/26/2021,36
3/27/2021,50
3/28/2021,49
3/29/2021,42
3/30/2021,37
3/31/2021,20
4/1/2021,23
4/2/2021,15
4/3/2021,29
4/4/2021,33
4/5/2021,1
4/6/2021,30
4/7/2021,29
4/8/2021,6
4/9/2021,19
4/10/2021,0
4/11/2021,24
4/12/2021,42
4/13/2021,10
4/14/2021,43
4/15/2021,25
4/16/2021,16
4/17/2021,15
4/18/2021,41
4/19/2021,37
4/20/2021,22
4/21/2021,14
4/22/2021,16
4/23/2021,28
4/24/2021,39
4/25/2021,31
4/26/2021,30
4/27/2021,3
4/28/2021,29
4/29/2021,15
4/30/2021,10
5/1/2021,43
5/2/2021,16
5/3/2021,31
5/4/2021,39
5/5/2021,21
5/6/2021,32
5/7/2021,2
5/8/2021,39
5/9/2021,10
5/10/2021,16
5/11/2021,31
5/12/2021,32
5/13/2021,34
5/14/2021,40
5/15/2021,2
5/16/2021,7
5/17/2021,48
5/18/2021,50
5/19/2021,26
5/20/2021,41
5/21/2021,17
5/22/2021,35
5/23/2021,11
5/24/2021,14
5/25/2021,38
5/26/2021,48
5/27/2021,6
5/28/2021,35
5/29/2021,38
5/30/2021,37
5/31/2021,30
6/1/2021,13
6/2/2021,30
6/3/2021,35
6/4/2021,8
6/5/2021,47
6/6/2021,19
6/7/2021,22
6/8/2021,23
6/9/2021,15
6/10/2021,44
6/11/2021,36
6/12/2021,13
6/13/2021,38
6/14/2021,29
6/15/2021,33
6/16/2021,8
6/17/2021,11
6/18/2021,25
6/19/2021,6
6/20/2021,22
6/21/2021,32
6/22/2021,10
6/23/2021,45
6/24/2021,25
6/25/2021,28
6/26/2021,18
6/27/2021,20
6/28/2021,38
6/29/2021,25
6/30/2021,35
7/1/2021,10
7/2/2021,44
7/3/2021,36
7/4/2021,23
7/5/2021,48
7/6/2021,49
7/7/2021,49
7/8/2021,1
7/9/2021,23
7/10/2021,21
7/11/2021,14
7/12/2021,50
7/13/2021,32
7/14/2021,13
7/15/2021,22
7/16/2021,5
7/17/2021,34
7/18/2021,46
7/19/2021,5
7/20/2021,33
7/21/2021,37
7/22/2021,6
7/23/2021,49
7/24/2021,18
7/25/2021,18
7/26/2021,25
7/27/2021,37
7/28/2021,38
7/29/2021,26
7/30/2021,4
7/31/2021,14
8/1/2021,21
8/2/2021,17
8/3/2021,0
8/4/2021,5
8/5/2021,8
8/6/2021,50
8/7/2021,10
8/8/2021,14
8/9/2021,17
8/10/2021,7
8/11/2021,42
8/12/2021,13
8/13/2021,48
8/14/2021,11
8/15/2021,26
8/16/2021,9
8/17/2021,24
8/18/2021,10
8/19/2021,43
8/20/2021,5
8/21/2021,34
8/22/2021,35
8/23/2021,5
8/24/2021,23
8/25/2021,21
8/26/2021,21
8/27/2021,8
8/28/2021,40
8/29/2021,13
8/30/2021,36
8/31/2021,1
9/1/2021,13
9/2/2021,17
9/3/2021,5
9/4/2021,23
9/5/2021,50
9/6/2021,18
9/7/2021,48
9/8/2021,39
9/9/2021,21
9/10/2021,47
9/11/2021,13
9/12/2021,44
9/13/2021,12
9/14/2021,35
9/15/2021,31
9/16/2021,32
9/17/2021,17
9/18/2021,5
9/19/2021,47
9/20/2021,5
9/21/2021,5
9/22/2021,20
9/23/2021,25
9/24/2021,41
9/25/2021,47
9/26/2021,31
9/27/2021,28
9/28/2021,41
9/29/2021,12
9/30/2021,8
10/1/2021,30
10/2/2021,3
10/3/2021,48
10/4/2021,11
10/5/2021,6
10/6/2021,31
10/7/2021,41
10/8/2021,26
10/9/2021,33
10/10/2021,34
10/11/2021,19
10/12/2021,37
10/13/2021,32
10/14/2021,30
10/15/2021,11
10/16/2021,50
10/17/2021,29
10/18/2021,24
10/19/2021,48
10/20/2021,15
10/21/2021,49
10/22/2021,46
10/23/2021,20
10/24/2021,5
10/25/2021,10
10/26/2021,34
10/27/2021,38
10/28/2021,35
10/29/2021,6
10/30/2021,35
10/31/2021,17
11/1/2021,38
11/2/2021,43
11/3/2021,49
11/4/2021,44
11/5/2021,3
11/6/2021,10
11/7/2021,48
11/8/2021,43
11/9/2021,13
11/10/2021,28
11/11/2021,17
11/12/2021,0
11/13/2021,50
11/14/2021,31
11/15/2021,25
11/16/2021,3
11/17/2021,32
11/18/2021,28
11/19/2021,24
11/20/2021,26
11/21/2021,35
11/22/2021,4
11/23/2021,47
11/24/2021,31
11/25/2021,20
11/26/2021,5
11/27/2021,15
11/28/2021,31
11/29/2021,50
11/30/2021,3
12/1/2021,48
12/2/2021,10
12/3/2021,23
12/4/2021,19
12/5/2021,9
12/6/2021,0
12/7/2021,9
12/8/2021,30
12/9/2021,6
12/10/2021,22
12/11/2021,42
12/12/2021,23
12/13/2021,15
12/14/2021,3
12/15/2021,2
12/16/2021,21
12/17/2021,17
12/18/2021,16
12/19/2021,37
12/20/2021,0
12/21/2021,28
12/22/2021,27
12/23/2021,48
12/24/2021,21
12/25/2021,29
12/26/2021,33
12/27/2021,20
12/28/2021,12
12/29/2021,26
12/30/2021,16
12/31/2021,48
1/1/2022,39
1/2/2022,32
1/3/2022,29
1/4/2022,26
1/5/2022,43
1/6/2022,21
1/7/2022,22
1/8/2022,13
1/9/2022,44
1/10/2022,24
1/11/2022,42
1/12/2022,40
1/13/2022,26
1/14/2022,24
1/15/2022,24
1/16/2022,35
1/17/2022,50
1/18/2022,42
1/19/2022,42
1/20/2022,45
1/21/2022,7
1/22/2022,21
1/23/2022,21
1/24/2022,46
1/25/2022,32
1/26/2022,44
1/27/2022,25
1/28/2022,49
1/29/2022,41
1/30/2022,29
1/31/2022,11
